Workbook

Sheet Invitados
A1: 🌿 Boda Estiven & Johana · 13 Marzo 2026 — Lista de Invitados
A2: ✏️ Solo llena NOMBRE, ACOMPAÑANTES, TELÉFONO y NOTAS · ID, LINK y JSON se generan solos
A3: 🔒 ID (auto) | B3: ✏️ NOMBRE Invitado principal | C3: ✏️ ACOMP. 0-5 cupos extras | D3: ✏️ TELÉFONO WhatsApp | E3: 🔒 LINK (auto — enviar por WhatsApp) | F3: 🔒 JSON (auto — para el código web) | G3: ✏️ NOTAS Opcional
A4: =TEXT(ROW()-3,"000")&"boda26" -> 001boda26 | C4: 0 | E4: =IF(B4="","",HYPERLINK("https://invitacionesbodaej.netlify.app/?id="&A4,"🔗 "&A4)) | F4: =IF(B4="",""," """&A4&""": { ""nombre"": """&TRIM(B4)&""", ""acompanantes"": "&C4&" },")
A5: =TEXT(ROW()-3,"000")&"boda26" -> 002boda26 | C5: 0 | E5: =IF(B5="","",HYPERLINK("https://invitacionesbodaej.netlify.app/?id="&A5,"🔗 "&A5)) | F5: =IF(B5="",""," """&A5&""": { ""nombre"": """&TRIM(B5)&""", ""acompanantes"": "&C5&" },")
A6: =TEXT(ROW()-3,"000")&"boda26" -> 003boda26 | C6: 0 | E6: =IF(B6="","",HYPERLINK("https://invitacionesbodaej.netlify.app/?id="&A6,"🔗 "&A6)) | F6: =IF(B6="",""," """&A6&""": { ""nombre"": """&TRIM(B6)&""", ""acompanantes"": "&C6&" },")
A7: =TEXT(ROW()-3,"000")&"boda26" -> 004boda26 | C7: 0 | E7: =IF(B7="","",HYPERLINK("https://invitacionesbodaej.netlify.app/?id="&A7,"🔗 "&A7)) | F7: =IF(B7="",""," """&A7&""": { ""nombre"": """&TRIM(B7)&""", ""acompanantes"": "&C7&" },")
A8: =TEXT(ROW()-3,"000")&"boda26" -> 005boda26 | C8: 0 | E8: =IF(B8="","",HYPERLINK("https://invitacionesbodaej.netlify.app/?id="&A8,"🔗 "&A8)) | F8: =IF(B8="",""," """&A8&""": { ""nombre"": """&TRIM(B8)&""", ""acompanantes"": "&C8&" },")
A9: =TEXT(ROW()-3,"000")&"boda26" -> 006boda26 | C9: 0 | E9: =IF(B9="","",HYPERLINK("https://invitacionesbodaej.netlify.app/?id="&A9,"🔗 "&A9)) | F9: =IF(B9="",""," """&A9&""": { ""nombre"": """&TRIM(B9)&""", ""acompanantes"": "&C9&" },")
A10: =TEXT(ROW()-3,"000")&"boda26" -> 007boda26 | C10: 0 | E10: =IF(B10="","",HYPERLINK("https://invitacionesbodaej.netlify.app/?id="&A10,"🔗 "&A10)) | F10: =IF(B10="",""," """&A10&""": { ""nombre"": """&TRIM(B10)&""", ""acompanantes"": "&C10&" },")
A11: =TEXT(ROW()-3,"000")&"boda26" -> 008boda26 | C11: 0 | E11: =IF(B11="","",HYPERLINK("https://invitacionesbodaej.netlify.app/?id="&A11,"🔗 "&A11)) | F11: =IF(B11="",""," """&A11&""": { ""nombre"": """&TRIM(B11)&""", ""acompanantes"": "&C11&" },")
A12: =TEXT(ROW()-3,"000")&"boda26" -> 009boda26 | C12: 0 | E12: =IF(B12="","",HYPERLINK("https://invitacionesbodaej.netlify.app/?id="&A12,"🔗 "&A12)) | F12: =IF(B12="",""," """&A12&""": { ""nombre"": """&TRIM(B12)&""", ""acompanantes"": "&C12&" },")
A13: =TEXT(ROW()-3,"000")&"boda26" -> 010boda26 | C13: 0 | E13: =IF(B13="","",HYPERLINK("https://invitacionesbodaej.netlify.app/?id="&A13,"🔗 "&A13)) | F13: =IF(B13="",""," """&A13&""": { ""nombre"": """&TRIM(B13)&""", ""acompanantes"": "&C13&" },")
A14: =TEXT(ROW()-3,"000")&"boda26" -> 011boda26 | C14: 0 | E14: =IF(B14="","",HYPERLINK("https://invitacionesbodaej.netlify.app/?id="&A14,"🔗 "&A14)) | F14: =IF(B14="",""," """&A14&""": { ""nombre"": """&TRIM(B14)&""", ""acompanantes"": "&C14&" },")
A15: =TEXT(ROW()-3,"000")&"boda26" -> 012boda26 | C15: 0 | E15: =IF(B15="","",HYPERLINK("https://invitacionesbodaej.netlify.app/?id="&A15,"🔗 "&A15)) | F15: =IF(B15="",""," """&A15&""": { ""nombre"": """&TRIM(B15)&""", ""acompanantes"": "&C15&" },")
... A93: =TEXT(ROW()-3,"000")&"boda26" -> 090boda26 | C93: 0 | E93: =IF(B93="","",HYPERLINK("https://invitacionesbodaej.netlify.app/?id="&A93,"🔗 "&A93)) | F93: =IF(B93="",""," """&A93&""": { ""nombre"": """&TRIM(B93)&""", ""acompanantes"": "&C93&" },")

Sheet 📋 JSON — Copiar al código
A1: 📋 JSON listo para pegar en index.html · Copia desde A5 hasta el último invitado
A3: 👇 Selecciona A5 hasta el último registro · Copia (Ctrl+C) · Pega en index.html donde dice const INVITADOS = {
A5: const INVITADOS = {
A6: =IF(Invitados!B4="","",Invitados!F4)
A7: =IF(Invitados!B5="","",Invitados!F5)
A8: =IF(Invitados!B6="","",Invitados!F6)
A9: =IF(Invitados!B7="","",Invitados!F7)
A10: =IF(Invitados!B8="","",Invitados!F8)
A11: =IF(Invitados!B9="","",Invitados!F9)
A12: =IF(Invitados!B10="","",Invitados!F10)
A13: =IF(Invitados!B11="","",Invitados!F11)
A14: =IF(Invitados!B12="","",Invitados!F12)
A15: =IF(Invitados!B13="","",Invitados!F13)
A16: =IF(Invitados!B14="","",Invitados!F14)
A17: =IF(Invitados!B15="","",Invitados!F15)
... A95: =IF(Invitados!B93="","",Invitados!F93)
A96: };

Sheet RSVPs
A1: 📊 Confirmaciones de Asistencia — se llena automáticamente desde el formulario web
A2: Timestamp | B2: ID Invitado | C2: Nombre (del Excel) | D2: Teléfono (ingresado) | E2: Asistencia | F2: Cant. Acompañantes Confirmados | G2: Nombres Acompañantes | H2: Mensaje para los novios
A3: 2026-02-15 14:22 | B3: 001boda26 | C3: Familia Rodríguez | D3: 8888-0000 | E3: ✅ Sí | F3: 2 | G3: María Rodríguez, Juan Rodríguez | H3: ¡Los amamos! 💚

Sheet 📖 Cómo usar
A1: GUÍA RÁPIDA — 3 pasos para lanzar la invitación
A3: PASO 1 · Llena la lista de invitados (hoja: Invitados)
A4: → NOMBRE — nombre del invitado o familia
A5: → ACOMP. — cuántas personas extras puede traer (0 a 5) · usa el menú ▼
A6: → TELÉFONO — para saber a quién enviar el link
A7: → ID · LINK · JSON se generan solos, no los toques
A9: PASO 2 · Copia el JSON al index.html (hoja: 📋 JSON)
A10: → Ve a la hoja 📋 JSON — Copiar al código
A11: → Selecciona desde A5 hasta el último invitado con nombre
A12: → Copia (Ctrl+C) y pega en VS Code dentro del bloque INVITADOS = { ... }
A13: → Guarda index.html y sube la carpeta a Netlify
A15: PASO 3 · Envía los links por WhatsApp (hoja: Invitados col E)
... A35: Aquí tu invitación personal 💌 → [pegar link de col E]
